{
    "loss": 0.44840171933174133,
    "accuracy": 0.9666666388511658,
    "precision": 0.9666666388511658,
    "recall": 0.9666666388511658,
    "auc": 0.9813889861106873
}