{
    "loss": 0.659889817237854,
    "accuracy": 0.9396551847457886
}