{
    "loss": 0.9732574820518494,
    "accuracy": 0.9224137663841248
}