{
    "loss": 3.0970189571380615,
    "accuracy": 0.6120689511299133
}